datetime,in_avg_response_time,in_throughput,in_progress_requests,http_error_count,ballerina_error_count,cpu,memory,cpuPercentage,memoryPercentage,is_anomaly
2021-02-19 10:45:00+00:00,0.0,0.0,0.0,0,0,3.326793,630.31640625,0.3326793,90.04520089285715,0
2021-02-19 10:45:10+00:00,0.0,0.0,0.0,0,0,3.326793,630.31640625,0.3326793,90.04520089285715,0
2021-02-19 10:45:20+00:00,0.0,0.0,0.0,0,0,3.326793,630.31640625,0.3326793,90.04520089285715,0
2021-02-19 10:45:30+00:00,0.0,0.0,0.0,0,0,3.326793,630.31640625,0.3326793,90.04520089285715,0
2021-02-19 10:45:40+00:00,0.0,0.0,0.0,0,0,3.326793,630.31640625,0.3326793,90.04520089285715,0
2021-02-19 10:45:50+00:00,0.0,0.0,0.0,0,0,3.326793,630.31640625,0.3326793,90.04520089285715,0
2021-02-19 10:46:00+00:00,0.0,0.0,0.0,0,0,128.518719,630.375,12.8518719,90.05357142857143,0
2021-02-19 10:46:10+00:00,683.6931699767442,4.082795290543107,2.7913792545575395,0,0,128.518719,630.375,12.8518719,90.05357142857143,0
2021-02-19 10:46:20+00:00,11.846526109375,30.38936372269706,0.3600083907882241,0,0,128.518719,630.375,12.8518719,90.05357142857143,0
2021-02-19 10:46:30+00:00,11.986222353312302,30.0930320865768,0.3607017738750712,0,0,128.518719,630.375,12.8518719,90.05357142857143,0
2021-02-19 10:46:40+00:00,24.45749428397272,20.5501571975078,0.2516515282504136,0,0,128.518719,630.375,12.8518719,90.05357142857143,0
2021-02-19 10:46:50+00:00,153.66410826780844,58.268261396595534,2.238435106955855,0,0,128.518719,630.375,12.8518719,90.05357142857143,0
2021-02-19 10:47:00+00:00,12.835553087878788,31.330105383081744,0.4021392308933827,0,0,224.308318,630.51171875,22.4308318,90.07310267857144,0
2021-02-19 10:47:10+00:00,26.68366486240876,24.409552911409296,0.3287914626167167,0,0,224.308318,630.51171875,22.4308318,90.07310267857144,0
2021-02-19 10:47:20+00:00,133.32163979256967,54.63153791414893,1.820891554776069,0,0,224.308318,630.51171875,22.4308318,90.07310267857144,0
2021-02-19 10:47:30+00:00,34.18963142948718,29.241231324583925,0.5084970711509782,0,0,224.308318,630.51171875,22.4308318,90.07310267857144,0
2021-02-19 10:47:50+00:00,25.340678379122565,30.60616769044184,0.388480377939042,0,0,224.308318,630.51171875,22.4308318,90.07310267857144,0
2021-02-19 10:48:00+00:00,42.56227569574148,17.047497394455338,0.3971796738921375,0,0,217.783954,630.6640625,21.7783954,90.09486607142856,0
2021-02-19 10:48:10+00:00,102.68491827301588,60.67177413182745,1.5575190420513951,0,0,217.783954,630.6640625,21.7783954,90.09486607142856,0
2021-02-19 10:48:20+00:00,25.493719158549784,30.522836557361067,0.3903729355085161,0,0,217.783954,630.6640625,21.7783954,90.09486607142856,0
2021-02-19 10:48:30+00:00,63.02484585017597,20.79231327902045,0.6287840970443079,0,0,217.783954,630.6640625,21.7783954,90.09486607142856,0
2021-02-19 10:48:40+00:00,29.514278845976925,30.75757096483418,0.4541960648410686,0,0,217.783954,630.6640625,21.7783954,90.09486607142856,0
2021-02-19 10:48:50+00:00,123.80253327463312,57.50017351589351,1.7796667862496462,0,0,217.783954,630.6640625,21.7783954,90.09486607142856,0
2021-02-19 10:49:00+00:00,37.312591339887646,18.38616036700568,0.3402657126700088,0,0,188.230729,630.671875,18.8230729,90.09598214285714,0
2021-02-19 10:49:10+00:00,120.33042003231527,60.77557120509674,1.828287502703294,0,0,188.230729,630.671875,18.8230729,90.09598214285714,0
2021-02-19 10:49:20+00:00,12.450214689440994,30.527114144861585,0.3800691249525976,0,0,188.230729,630.671875,18.8230729,90.09598214285714,0
2021-02-19 10:49:30+00:00,23.844335428320804,24.732085118326307,0.2974841892652561,0,0,188.230729,630.671875,18.8230729,90.09598214285714,0
2021-02-19 10:49:40+00:00,205.517832176986,50.705482849251545,2.60522022866638,0,0,188.230729,630.671875,18.8230729,90.09598214285714,0
2021-02-19 10:49:50+00:00,28.46408346694184,30.84529699697252,0.4372884906649591,0,0,188.230729,630.671875,18.8230729,90.09598214285714,0
2021-02-19 10:50:00+00:00,30.8484180399729,29.90293750200211,0.46251377448454,0,0,180.410406,631.0234375,18.0410406,90.14620535714286,0
2021-02-19 10:50:10+00:00,36.15985652132625,20.91239284275478,0.3764439002835628,0,0,180.410406,631.0234375,18.0410406,90.14620535714286,0
2021-02-19 10:50:20+00:00,27.18525216370869,30.77919124389029,0.4215209022586709,0,0,180.410406,631.0234375,18.0410406,90.14620535714286,0
2021-02-19 10:50:30+00:00,113.59385323741007,60.684016858892,1.723332826231374,0,0,180.410406,631.0234375,18.0410406,90.14620535714286,0
2021-02-19 10:50:40+00:00,34.73800021149425,18.184320503552136,0.316604799144403,0,0,180.410406,631.0234375,18.0410406,90.14620535714286,0
2021-02-19 10:50:50+00:00,27.617638340263223,29.3030504125722,0.4054241831936437,0,0,180.410406,631.0234375,18.0410406,90.14620535714286,0
2021-02-19 10:51:00+00:00,29.767321163099314,29.810034096444227,0.4425132610813443,0,0,225.074953,631.23828125,22.5074953,90.17689732142856,0
2021-02-19 10:51:20+00:00,40.07578666282895,13.255173016800205,0.2697516286554081,0,0,225.074953,631.23828125,22.5074953,90.17689732142856,0
2021-02-19 10:51:30+00:00,36.28009651807229,29.98767079180256,0.5530575485561636,0,0,225.074953,631.23828125,22.5074953,90.17689732142856,0
2021-02-19 10:51:40+00:00,109.05742576868488,62.07233497582298,1.6923622659786894,0,0,225.074953,631.23828125,22.5074953,90.17689732142856,0
2021-02-19 10:51:50+00:00,27.149600929175985,21.368432341300927,0.2927543401615509,0,0,225.074953,631.23828125,22.5074953,90.17689732142856,0
2021-02-19 10:52:00+00:00,59.802147044787645,27.27014487264464,0.8039210506580817,0,0,240.637769,636.765625,24.0637769,90.96651785714286,0
2021-02-19 10:52:10+00:00,24.96897128558833,31.31237929289459,0.3906650472384786,0,0,240.637769,636.765625,24.0637769,90.96651785714286,0
2021-02-19 10:52:20+00:00,26.844289669321583,29.893468689136192,0.4036171604724322,0,0,240.637769,636.765625,24.0637769,90.96651785714286,0
2021-02-19 10:52:30+00:00,139.21068141389657,49.41660302689185,1.7198297451334097,0,0,240.637769,636.765625,24.0637769,90.96651785714286,0
2021-02-19 10:52:40+00:00,24.805967111847856,31.63946289442365,0.3934812178921582,0,0,240.637769,636.765625,24.0637769,90.96651785714286,0
2021-02-19 10:52:50+00:00,95.02460405725368,64.13941314567937,1.5237055846581984,0,0,240.637769,636.765625,24.0637769,90.96651785714286,0
2021-02-19 10:53:00+00:00,32.212317824053045,20.499073423392417,0.3303133769024435,0,0,231.269879,638.203125,23.1269879,91.171875,0
2021-02-19 10:53:10+00:00,26.217553460524897,31.67121179016725,0.4157710560155226,0,0,231.269879,638.203125,23.1269879,91.171875,0
2021-02-19 10:53:20+00:00,115.54472362677056,60.734910338543855,1.7543996073909351,0,0,231.269879,638.203125,23.1269879,91.171875,0
2021-02-19 10:53:30+00:00,39.04613526457399,21.16552771450266,0.8264320580865605,0,0,231.269879,638.203125,23.1269879,91.171875,0
2021-02-19 10:53:40+00:00,11.386707563253012,31.511009870918752,0.3588066544229308,0,0,231.269879,638.203125,23.1269879,91.171875,0
2021-02-19 10:53:50+00:00,12.215634396449705,32.059186189889026,0.3916232975433937,0,0,231.269879,638.203125,23.1269879,91.171875,0
2021-02-19 10:54:00+00:00,14.798402747747748,21.068615355414256,0.3117818553668027,0,0,200.337931,639.70703125,20.0337931,91.38671875,0
2021-02-19 10:54:10+00:00,14.4056475375,30.35765107674794,0.4373216214780381,0,0,200.337931,639.70703125,20.0337931,91.38671875,0
2021-02-19 10:54:20+00:00,13.897543306990883,31.178923426838512,0.4333104385898408,0,0,200.337931,639.70703125,20.0337931,91.38671875,0
2021-02-19 10:54:30+00:00,13.402741727598569,26.85015879126167,0.3598657436242903,0,0,200.337931,639.70703125,20.0337931,91.38671875,0
2021-02-19 10:54:50+00:00,17.335109871527777,27.27014487264464,0.4727309575797746,0,0,200.337931,639.70703125,20.0337931,91.38671875,0
2021-02-19 10:55:00+00:00,23.82874571476156,31.03924804999803,0.3711623872762671,0,0,234.385596,639.78515625,23.4385596,91.39787946428572,0
2021-02-19 10:55:10+00:00,25.66194541753695,30.237172824340924,0.3892552457715204,0,0,234.385596,639.78515625,23.4385596,91.39787946428572,0
2021-02-19 10:55:20+00:00,39.97078356533073,21.15437221573723,0.4289593995023111,0,0,234.385596,639.78515625,23.4385596,91.39787946428572,0
2021-02-19 10:55:30+00:00,29.42445139636033,31.521888554003727,0.4679796968105231,0,0,234.385596,639.78515625,23.4385596,91.39787946428572,0
2021-02-19 10:55:40+00:00,129.0378440750698,64.26793787453518,2.0732490366201364,0,0,234.385596,639.78515625,23.4385596,91.39787946428572,0
2021-02-19 10:55:50+00:00,30.95693889612403,20.55362603912356,0.333294117199949,0,0,234.385596,639.78515625,23.4385596,91.39787946428572,0
2021-02-19 10:56:00+00:00,114.18786285624827,62.66897358122597,1.7890090401587195,0,0,203.003316,639.7890625,20.3003316,91.3984375,0
2021-02-19 10:56:10+00:00,24.627954300300303,30.358552156924453,0.3793326643284456,0,0,203.003316,639.7890625,20.3003316,91.3984375,0
2021-02-19 10:56:20+00:00,36.18327981684303,18.1755376255836,0.330966446912408,0,0,203.003316,639.7890625,20.3003316,91.3984375,0
2021-02-19 10:56:30+00:00,126.93887916863488,62.87662436135688,1.9953720555844807,0,0,203.003316,639.7890625,20.3003316,91.3984375,0
2021-02-19 10:56:40+00:00,11.9314920123839,30.668439042916827,0.3659202354728447,0,0,203.003316,639.7890625,20.3003316,91.3984375,0
2021-02-19 10:56:50+00:00,12.282470106463878,24.971515381693884,0.3067118911887581,0,0,203.003316,639.7890625,20.3003316,91.3984375,0
2021-02-19 10:57:00+00:00,24.26006623076924,27.152757998670843,0.6587277073958037,0,0,187.807242,639.89453125,18.7807242,91.41350446428572,0
2021-02-19 10:57:10+00:00,11.594482897515528,30.506868782567505,0.3537113683562293,0,0,187.807242,639.89453125,18.7807242,91.41350446428572,0
2021-02-19 10:57:20+00:00,14.62663046875,30.395136778115504,0.4445784337006079,0,0,187.807242,639.89453125,18.7807242,91.41350446428572,0
2021-02-19 10:57:30+00:00,13.124192752380951,19.88448063630338,0.2609677566518322,0,0,187.807242,639.89453125,18.7807242,91.41350446428572,0
2021-02-19 10:57:40+00:00,31.16661749045073,30.473899358102702,0.4762615311398926,0,0,187.807242,639.89453125,18.7807242,91.41350446428572,0
2021-02-19 10:57:50+00:00,24.887953793137257,31.598790131242595,0.3938443867063276,0,0,187.807242,639.89453125,18.7807242,91.41350446428572,0
2021-02-19 10:58:00+00:00,127.2280572396126,37.85426177198447,1.20403104587233,0,0,194.310394,640.40625,19.4310394,91.48660714285714,0
2021-02-19 10:58:20+00:00,13.476883332307692,30.782345141125216,0.4148500741617731,0,0,194.310394,640.40625,19.4310394,91.48660714285714,0
2021-02-19 10:58:30+00:00,29.21735507345952,31.10278389828484,0.4779979047576347,0,0,194.310394,640.40625,19.4310394,91.48660714285714,0
2021-02-19 10:58:40+00:00,31.2341189816201,22.13670416630823,0.349607041147418,0,0,194.310394,640.40625,19.4310394,91.48660714285714,0
2021-02-19 10:58:50+00:00,133.05698623951668,60.69477152258081,2.0189658448226604,0,0,194.310394,640.40625,19.4310394,91.48660714285714,0
2021-02-19 10:59:00+00:00,13.764859470404984,30.48722575743185,0.4196523781935606,0,0,231.113531,640.41796875,23.1113531,91.48828125,0
2021-02-19 10:59:10+00:00,25.45333700735786,23.9949792003803,0.3063446805836612,0,0,231.113531,640.41796875,23.1113531,91.48828125,0
2021-02-19 10:59:20+00:00,29.89857197770761,27.475548138669243,0.4142685338707933,0,0,231.113531,640.41796875,23.1113531,91.48828125,0
2021-02-19 10:59:30+00:00,35.060145366069655,30.21774096122832,0.5311612760662091,0,0,231.113531,640.41796875,23.1113531,91.48828125,0
2021-02-19 10:59:40+00:00,99.48340970458833,62.78110725232845,1.5614196536227731,0,0,231.113531,640.41796875,23.1113531,91.48828125,0
2021-02-19 10:59:50+00:00,49.41668030204082,19.2693580515035,0.4718615298913038,0,0,231.113531,640.41796875,23.1113531,91.48828125,0
2021-02-19 11:00:00+00:00,33.68165822509579,29.698417331677263,0.490628281121764,0,0,238.198373,640.6484375,23.8198373,91.52120535714286,0
2021-02-19 11:00:10+00:00,95.64450681595092,59.78070607809138,1.4294240374870926,0,0,238.198373,640.6484375,23.8198373,91.52120535714286,0
2021-02-19 11:00:20+00:00,15.444844766666668,19.794514091808843,0.3057231973795834,0,0,238.198373,640.6484375,23.8198373,91.52120535714286,0
2021-02-19 11:00:30+00:00,30.59611271261905,30.160148631478272,0.4661609266835601,0,0,238.198373,640.6484375,23.8198373,91.52120535714286,0
2021-02-19 11:00:40+00:00,104.12811495446266,61.83465111779967,1.6096814149408345,0,0,238.198373,640.6484375,23.8198373,91.52120535714286,0
2021-02-19 11:00:50+00:00,38.05455379017857,19.418595496854508,0.3725973105424969,0,0,238.198373,640.6484375,23.8198373,91.52120535714286,0
2021-02-19 11:01:00+00:00,130.08606617452514,62.484824430837705,2.0321012514533847,0,0,160.512581,641.48046875,16.0512581,91.64006696428572,0
2021-02-19 11:01:10+00:00,36.36409759978122,29.89405872676906,0.5424754465968074,4,0,160.512581,641.48046875,16.0512581,91.64006696428572,1
2021-02-19 11:01:20+00:00,43.399187986663975,37.92087974824393,0.4114338472034292,16,0,160.512581,641.48046875,16.0512581,91.64006696428572,1
2021-02-19 11:01:40+00:00,5.402397361111111,27.277893540443262,0.1473660200795605,4,0,160.512581,641.48046875,16.0512581,91.64006696428572,1
2021-02-19 11:01:50+00:00,5.141125903333333,29.02757619738752,0.149234423899371,4,0,160.512581,641.48046875,16.0512581,91.64006696428572,1
2021-02-19 11:02:00+00:00,6.034817561594204,26.19838633127669,0.1581024819174181,4,0,89.286431,642.47265625,8.9286431,91.78180803571428,1
2021-02-19 11:02:10+00:00,5.690392570866141,24.11926692621784,0.1372480973316873,4,0,89.286431,642.47265625,8.9286431,91.78180803571428,1
2021-02-19 11:02:20+00:00,5.221953685920577,26.27584898501233,0.1372112664579776,4,0,89.286431,642.47265625,8.9286431,91.78180803571428,1
2021-02-19 11:02:30+00:00,5.005687557142857,13.22501416965804,0.0662002888720952,4,0,89.286431,642.47265625,8.9286431,91.78180803571428,1
2021-02-19 11:02:40+00:00,4.370804743801653,11.455079049512449,0.0500679138502319,4,0,89.286431,642.47265625,8.9286431,91.78180803571428,1
2021-02-19 11:02:50+00:00,10.991169057276055,18.03251751484392,0.0988819992881594,4,0,89.286431,642.47265625,8.9286431,91.78180803571428,1
2021-02-19 11:03:00+00:00,48.944914476376674,36.45160485147693,0.4460301704955539,16,0,96.672307,642.5546875,9.6672307,91.79352678571428,1
2021-02-19 11:03:10+00:00,10.094752446153844,11.754600718189682,0.0593321487805411,4,0,96.672307,642.5546875,9.6672307,91.79352678571428,1
2021-02-19 11:03:20+00:00,10.346056666879797,30.37652894741806,0.1592828554110778,4,0,96.672307,642.5546875,9.6672307,91.79352678571428,1
2021-02-19 11:03:30+00:00,41.563887100600894,54.2962611641813,0.5641909172531931,16,0,96.672307,642.5546875,9.6672307,91.79352678571428,1
2021-02-19 11:03:40+00:00,9.8779265409611,15.555813154163456,0.0779348149115227,4,0,96.672307,642.5546875,9.6672307,91.79352678571428,1
2021-02-19 11:03:50+00:00,41.494240684848485,43.48540095644709,0.4510984233909891,16,0,96.672307,642.5546875,9.6672307,91.79352678571428,1
2021-02-19 11:04:00+00:00,5.628511070512821,14.809189291816974,0.0833536858743117,4,0,85.558834,642.5625,8.5558834,91.79464285714286,1
2021-02-19 11:04:10+00:00,10.1358922375,17.64284712884887,0.089583376071924,4,0,85.558834,642.5625,8.5558834,91.79464285714286,1
2021-02-19 11:04:20+00:00,52.713351951621775,36.46916664930405,0.4806030042417778,16,0,85.558834,642.5625,8.5558834,91.79464285714286,1
2021-02-19 11:04:40+00:00,9.90241949695122,20.03687751163458,0.1010110753595205,4,0,85.558834,642.5625,8.5558834,91.79464285714286,1
2021-02-19 11:04:50+00:00,40.37763125692308,36.25500451134733,0.3659728008443162,16,0,85.558834,642.5625,8.5558834,91.79464285714286,1
2021-02-19 11:05:00+00:00,7.502762891891892,10.898379970544918,0.0817679608247422,4,0,81.2449,642.64453125,8.12449,91.80636160714286,1
2021-02-19 11:05:10+00:00,5.924195734782609,21.82163187855788,0.1292756185009488,4,0,81.2449,642.64453125,8.12449,91.80636160714286,1
2021-02-19 11:05:20+00:00,5.159945046948357,20.210646171363507,0.1042858236075529,4,0,81.2449,642.64453125,8.12449,91.80636160714286,1
2021-02-19 11:05:30+00:00,11.222171000160332,14.986939591849175,0.0844527293841035,4,0,81.2449,642.64453125,8.12449,91.80636160714286,1
2021-02-19 11:05:40+00:00,52.9873022593458,41.57762839771485,0.5507715907841191,16,0,81.2449,642.64453125,8.12449,91.80636160714286,1
2021-02-19 11:05:50+00:00,12.37591169494108,18.7322560279996,0.1171111075489051,4,0,81.2449,642.64453125,8.12449,91.80636160714286,1
2021-02-19 11:06:00+00:00,15.183946773194222,15.09002676928549,0.118709788650693,4,0,79.595579,642.64453125,7.9595579,91.80636160714286,1
2021-02-19 11:06:10+00:00,9.82110514253539,18.422295701464336,0.0920788068965517,4,0,79.595579,642.64453125,7.9595579,91.80636160714286,1
2021-02-19 11:06:20+00:00,46.26880682517482,36.79732333415917,0.4256420612579271,16,0,79.595579,642.64453125,7.9595579,91.80636160714286,1
2021-02-19 11:06:30+00:00,5.797241561151079,13.199126388757003,0.076518524071788,4,0,79.595579,642.64453125,7.9595579,91.80636160714286,1
2021-02-19 11:06:40+00:00,7.263563181818181,18.658122879758764,0.1355244543912551,4,0,79.595579,642.64453125,7.9595579,91.80636160714286,1
2021-02-19 11:06:50+00:00,4.8007459375,15.197568389057752,0.0729596647036474,4,0,79.595579,642.64453125,7.9595579,91.80636160714286,1
2021-02-19 11:07:00+00:00,10.294241039977852,18.12049704893173,0.0944804715113588,4,0,94.081384,642.74609375,9.4081384,91.82087053571428,1
2021-02-19 11:07:10+00:00,135.8382889806452,35.70582505789672,1.212554545626734,16,0,94.081384,642.74609375,9.4081384,91.82087053571428,1
2021-02-19 11:07:20+00:00,10.223159746193376,27.524786389708524,0.1407700731373935,4,0,94.081384,642.74609375,9.4081384,91.82087053571428,1
2021-02-19 11:07:30+00:00,46.05707698609356,47.08635466925084,0.5421649654990479,16,0,94.081384,642.74609375,9.4081384,91.82087053571428,1
2021-02-19 11:07:40+00:00,14.942444300000002,20.51377905093469,0.1532598761740654,4,0,94.081384,642.74609375,9.4081384,91.82087053571428,1
2021-02-19 11:08:00+00:00,10.588994448775546,28.93211989045907,0.1565247356633271,4,0,139.561336,642.80859375,13.9561336,91.82979910714286,1
2021-02-19 11:08:10+00:00,40.71877669381807,62.32782061410251,0.6344781523494977,16,0,139.561336,642.80859375,13.9561336,91.82979910714286,1
2021-02-19 11:08:20+00:00,27.77905301830025,21.64607455243582,0.314585027874419,4,0,139.561336,642.80859375,13.9561336,91.82979910714286,1
2021-02-19 11:08:30+00:00,9.642123261711406,31.23091192314281,0.1521077629121747,4,0,139.561336,642.80859375,13.9561336,91.82979910714286,1
2021-02-19 11:08:40+00:00,44.73479149690802,60.95445096883039,0.6816961637247825,16,0,139.561336,642.80859375,13.9561336,91.82979910714286,1
2021-02-19 11:08:50+00:00,389.30867997980414,15.375169639414324,2.991988625376633,4,0,139.561336,642.80859375,13.9561336,91.82979910714286,1
2021-02-19 11:09:00+00:00,208.9318201316367,36.296790141899336,1.8958886073207688,0,0,134.950198,643.01953125,13.4950198,91.85993303571428,0
2021-02-19 11:09:10+00:00,30.90600941497585,19.44269774766041,0.3013997777386659,0,0,134.950198,643.01953125,13.4950198,91.85993303571428,0
2021-02-19 11:09:20+00:00,34.657868372269704,15.43983524566049,0.2685356393627085,0,0,134.950198,643.01953125,13.4950198,91.85993303571428,0
2021-02-19 11:09:30+00:00,100.61941090581,16.329468587816955,0.8137571154606993,0,0,134.950198,643.01953125,13.4950198,91.85993303571428,0
2021-02-19 11:09:40+00:00,41.413175646602944,16.707734530033374,0.3489477987891685,0,0,134.950198,643.01953125,13.4950198,91.85993303571428,0
2021-02-19 11:09:50+00:00,41.64443119231217,17.65102976880968,0.3783602716577876,0,0,134.950198,643.01953125,13.4950198,91.85993303571428,0
2021-02-19 11:10:00+00:00,45.20504091685393,15.734629904354785,0.3606597870146827,0,0,153.448125,643.03515625,15.3448125,91.86216517857144,0
2021-02-19 11:10:10+00:00,29.00425874780701,19.927504032280936,0.2881456364031612,0,0,153.448125,643.03515625,15.3448125,91.86216517857144,0
2021-02-19 11:10:20+00:00,27.389324582855096,29.914626457706973,0.4089634689438018,0,0,153.448125,643.03515625,15.3448125,91.86216517857144,0
2021-02-19 11:10:30+00:00,50.23021131928336,19.53645430715703,0.4921483768425109,0,0,153.448125,643.03515625,15.3448125,91.86216517857144,0
2021-02-19 11:10:40+00:00,29.383355294461644,30.762743109166315,0.4533161813342098,0,0,153.448125,643.03515625,15.3448125,91.86216517857144,0
2021-02-19 11:10:50+00:00,28.039825622782445,31.12231047188856,0.4408601064836808,0,0,153.448125,643.03515625,15.3448125,91.86216517857144,0
2021-02-19 11:11:00+00:00,17.828593313253013,7.877004840087312,0.1404359158204422,0,0,160.511752,642.98046875,16.0511752,91.85435267857144,0
2021-02-19 11:11:10+00:00,58.11708402542373,11.090225563909776,0.6445315709586468,0,0,160.511752,642.98046875,16.0511752,91.85435267857144,0
2021-02-19 11:11:20+00:00,24.526808556370657,30.370932462773126,0.3754871040748834,0,0,160.511752,642.98046875,16.0511752,91.85435267857144,0
2021-02-19 11:11:30+00:00,29.051648980000003,30.47529425524853,0.4449280424280125,0,0,160.511752,642.98046875,16.0511752,91.85435267857144,0
2021-02-19 11:11:40+00:00,160.1081192183908,42.14692634777659,1.6870162770946378,0,0,160.511752,642.98046875,16.0511752,91.85435267857144,0
2021-02-19 11:11:50+00:00,43.51500690354916,27.357160532175747,0.6008664622477919,0,0,160.511752,642.98046875,16.0511752,91.85435267857144,0
2021-02-19 11:12:00+00:00,111.98020101034297,60.90480402416718,1.7050330492804462,0,0,216.920953,643.08984375,21.6920953,91.86997767857144,0
2021-02-19 11:12:10+00:00,12.17212503125,24.316109422492403,0.2959787241641337,0,0,216.920953,643.08984375,21.6920953,91.86997767857144,0
2021-02-19 11:12:20+00:00,14.669662044444443,25.61426809600607,0.3757526564842045,0,0,216.920953,643.08984375,21.6920953,91.86997767857144,0
2021-02-19 11:12:30+00:00,13.902567331230284,30.055940077747223,0.4178547306343035,0,0,216.920953,643.08984375,21.6920953,91.86997767857144,0
2021-02-19 11:12:40+00:00,24.63255991888227,30.73886070178598,0.3787659877601096,0,0,216.920953,643.08984375,21.6920953,91.86997767857144,0
2021-02-19 11:12:50+00:00,33.777315859789475,20.88304220531009,0.3664427228441612,0,0,216.920953,643.08984375,21.6920953,91.86997767857144,0
2021-02-19 11:13:00+00:00,24.87883356225717,28.640108060770952,0.3635220797875893,0,0,213.698214,643.08984375,21.3698214,91.86997767857144,0
2021-02-19 11:13:10+00:00,119.4774715897838,51.45040323696118,1.5367910227567374,0,0,213.698214,643.08984375,21.3698214,91.86997767857144,0
2021-02-19 11:13:20+00:00,14.207931137755102,18.924398957227,0.2688765572076856,0,0,213.698214,643.08984375,21.3698214,91.86997767857144,0
2021-02-19 11:13:30+00:00,27.845366411132343,30.321891821174766,0.4263388782516706,0,0,213.698214,643.08984375,21.3698214,91.86997767857144,0
2021-02-19 11:13:40+00:00,38.6990650972061,30.55950751780772,0.5711778816346758,0,0,213.698214,643.08984375,21.3698214,91.86997767857144,0
2021-02-19 11:13:50+00:00,153.6789664451282,41.13573910830142,1.5804244675300507,0,0,213.698214,643.08984375,21.3698214,91.86997767857144,0
2021-02-19 11:14:00+00:00,15.8347412625,30.369175287083607,0.4808880330264781,0,0,193.906607,643.08984375,19.3906607,91.86997767857144,0
2021-02-19 11:14:10+00:00,12.46345846875,30.40380047505938,0.3789365045130641,0,0,193.906607,643.08984375,19.3906607,91.86997767857144,0
2021-02-19 11:14:20+00:00,12.729245305555557,23.88172858225929,0.303996381444276,0,0,193.906607,643.08984375,19.3906607,91.86997767857144,0
2021-02-19 11:14:30+00:00,35.81100028015753,27.338627045256487,0.4929940969975045,0,0,193.906607,643.08984375,19.3906607,91.86997767857144,0
2021-02-19 11:14:50+00:00,114.85767679197996,60.460206218835566,1.7360797061648678,0,0,193.906607,643.08984375,19.3906607,91.86997767857144,0
2021-02-19 11:15:00+00:00,26.669787848717235,28.4553884911022,0.3835542973271623,0,0,164.307449,643.171875,16.4307449,91.88169642857144,0
2021-02-19 11:15:10+00:00,42.56803098276167,20.20781957935284,0.4298537040399852,0,0,164.307449,643.171875,16.4307449,91.88169642857144,0
2021-02-19 11:15:20+00:00,30.054858168247183,30.431115801887582,0.4581062624609594,0,0,164.307449,643.171875,16.4307449,91.88169642857144,0
2021-02-19 11:15:30+00:00,107.84785372016914,61.9968095995456,1.6715557132022432,0,0,164.307449,643.171875,16.4307449,91.88169642857144,0
2021-02-19 11:15:40+00:00,35.225117109004735,19.95838062807416,0.7030362949300036,0,0,164.307449,643.171875,16.4307449,91.88169642857144,0
2021-02-19 11:15:50+00:00,12.08739851234568,30.30019639016179,0.3662505487702235,0,0,164.307449,643.171875,16.4307449,91.88169642857144,0
2021-02-19 11:16:00+00:00,12.902679349544073,30.851462865716428,0.3980665328207052,0,0,121.531034,643.203125,12.1531034,91.88616071428572,0
2021-02-19 11:16:10+00:00,11.377700081632652,13.956137852463684,0.1587887507832526,0,0,121.531034,643.203125,12.1531034,91.88616071428572,0
2021-02-19 11:16:20+00:00,0.0,0.0,0.0,0,0,121.531034,643.203125,12.1531034,91.88616071428572,0
2021-02-19 11:16:30+00:00,0.0,0.0,0.0,0,0,121.531034,643.203125,12.1531034,91.88616071428572,0
2021-02-19 11:16:40+00:00,0.0,0.0,0.0,0,0,121.531034,643.203125,12.1531034,91.88616071428572,0
2021-02-19 11:16:50+00:00,0.0,0.0,0.0,0,0,121.531034,643.203125,12.1531034,91.88616071428572,0
2021-02-19 11:17:00+00:00,0.0,0.0,0.0,0,0,3.702539,643.1328125,0.3702538999999999,91.87611607142856,0
2021-02-19 11:17:10+00:00,0.0,0.0,0.0,0,0,3.702539,643.1328125,0.3702538999999999,91.87611607142856,0
2021-02-19 11:17:20+00:00,0.0,0.0,0.0,0,0,3.702539,643.1328125,0.3702538999999999,91.87611607142856,0
2021-02-19 11:17:30+00:00,0.0,0.0,0.0,0,0,3.702539,643.1328125,0.3702538999999999,91.87611607142856,0
2021-02-19 11:17:40+00:00,0.0,0.0,0.0,0,0,3.702539,643.1328125,0.3702538999999999,91.87611607142856,0
2021-02-19 11:18:00+00:00,0.0,0.0,0.0,0,0,3.248208,643.1328125,0.3248207999999999,91.87611607142856,0
2021-02-19 11:18:10+00:00,0.0,0.0,0.0,0,0,3.248208,643.1328125,0.3248207999999999,91.87611607142856,0
2021-02-19 11:18:20+00:00,0.0,0.0,0.0,0,0,3.248208,643.1328125,0.3248207999999999,91.87611607142856,0
2021-02-19 11:18:30+00:00,0.0,0.0,0.0,0,0,3.248208,643.1328125,0.3248207999999999,91.87611607142856,0
2021-02-19 11:18:40+00:00,0.0,0.0,0.0,0,0,3.248208,643.1328125,0.3248207999999999,91.87611607142856,0
2021-02-19 11:18:50+00:00,0.0,0.0,0.0,0,0,3.248208,643.1328125,0.3248207999999999,91.87611607142856,0
2021-02-19 11:19:00+00:00,0.0,0.0,0.0,0,0,3.564989,643.3046875,0.3564989,91.90066964285715,0
2021-02-19 11:19:10+00:00,0.0,0.0,0.0,0,0,3.564989,643.3046875,0.3564989,91.90066964285715,0
2021-02-19 11:19:20+00:00,0.0,0.0,0.0,0,0,3.564989,643.3046875,0.3564989,91.90066964285715,0
2021-02-19 11:19:30+00:00,0.0,0.0,0.0,0,0,3.564989,643.3046875,0.3564989,91.90066964285715,0
2021-02-19 11:19:40+00:00,0.0,0.0,0.0,0,0,3.564989,643.3046875,0.3564989,91.90066964285715,0
2021-02-19 11:19:50+00:00,0.0,0.0,0.0,0,0,3.564989,643.3046875,0.3564989,91.90066964285715,0
